{
    "0": 3.3143821773597046e-7,
    "1": 0.5248486717146061,
    "2": 0.5920411539968244,
    "3": 0.38426901677985525,
    "4": 0.5828758815925273,
    "5": 0.5356158039281478,
    "6": 0.5752254531902443,
    "7": 0.4645841771776214,
    "8": 0.5494967642879467,
    "9": 0.0036458989495531586,
    "10": 0.004272217822630189,
    "11": 0.49442926542571514,
    "12": 0.5403737377460832,
    "13": 0.0012158045932551481,
    "14": 0.5143670115893041,
    "15": 0.44269442755478045,
    "16": 0.5519620267755923,
    "17": 0.5773619973557111,
    "18": 0.6274013657472789,
    "19": 0.5681510824207393,
    "20": 0.6523416842756578,
    "21": 0.6190046678203185,
    "22": 0.5697476774334989,
    "23": 0.44263419123111825,
    "24": 0.5421454646769481,
    "25": 0.5940246714317735,
    "26": 0.5631047305945903,
    "27": 0.4689958901918657,
    "28": 0.514884346081863,
    "29": 0.5076326180559744,
    "30": 0.4909284737253319,
    "31": 0.3620776100797107,
    "32": 0.008118942479692607,
    "33": 0.9466629895387517,
    "34": 0.8812019147710263,
    "35": 0.9446669752340189,
    "36": 0.947529950668218,
    "37": 0.9472989783391456,
    "38": 0.004169048369763588,
    "39": 0.9303264018648704,
    "40": 0.9293819369432383,
    "41": 0.9368874982111531,
    "42": 0.9472898827989239,
    "43": 0.9486686181743852,
    "44": 0.49197615080405305,
    "45": 0.7400587333569995,
    "46": 0.055695208255032325,
    "47": 0.011730364888009482,
    "48": 0.7188347781739728,
    "49": 0.8257016073851419,
    "50": 0.6899108863156632,
    "51": 0.8565134752607306,
    "52": 0.9250661640012874,
    "53": 0.887763389605164,
    "54": 0.9234253586530133,
    "55": 0.9274952134441089,
    "56": 0.9278355783536447,
    "57": 0.8815171026465676,
    "58": 0.7455552849970764,
    "59": 0.00767611813175769,
    "60": 0.8207391330944885,
    "61": 0.33367301558460266,
    "62": 0.8211446753378304,
    "63": 0.9267888757547531,
    "64": 0.9379358421546876,
    "65": 0.7430643640611692,
    "66": 0.8993442458199667,
    "67": 0.8380467548787944,
    "68": 0.9096119368485708,
    "69": 0.9155393856767515,
    "70": 0.9193875351194315,
    "71": 0.900433829533563,
    "72": 0.91077311224221,
    "73": 0.8983047254991545,
    "74": 0.9397072920719731,
    "75": 0.9347006219150797,
    "76": 0.8864237130353887,
    "77": 0.8982719816430781,
    "78": 0.9227032497654609,
    "79": 0.9166622003434478,
    "80": 0.850514036627121,
    "81": 0.5688793472420682,
    "82": 0.9194283172829314,
    "83": 0.5778064140324617,
    "84": 0.8036241982379768,
    "85": 0.9385811321411943,
    "86": 0.9435901111536115,
    "87": 0.9015658282710651,
    "88": 0.5307671467807661,
    "89": 0.9460795863017448,
    "90": 0.940034121518548,
    "91": 0.9369352400310296,
    "92": 0.6152839542434418,
    "93": 0.9362077148150694,
    "94": 0.515136918454589,
    "95": 0.8615203084066612,
    "96": 0.5772931422701041,
    "97": 0.0030323641671172216,
    "98": 0.07020589986549629,
    "99": 0.015466811839266525,
    "100": 0.01506882966598455,
    "101": 0.008896665139193129,
    "102": 0.1066100214319354,
    "103": 0.0005559192074067574,
    "104": 0.01607723607262412,
    "105": 0.007988009389063274,
    "106": 0.9316023573383434,
    "107": 0.512800993273803,
    "108": 0.006215620346721061,
    "109": 0.02721130329802571,
    "110": 0.010981214898630581,
    "111": 0.004876359488913639,
    "112": 0.004614296067515845,
    "113": 0.035485813849656135,
    "114": 0.006819977130965425,
    "115": 0.010342506486423837,
    "116": 0.001749230998510656,
    "117": 0.010759131795108985,
    "118": 0.3445296985072207,
    "119": 0.36970960378687656,
    "120": 0.7930553660373421,
    "121": 0.347739494589219,
    "122": 0.9425765594243505,
    "123": 0.4098491019939033,
    "124": 0.4126020071631983,
    "125": 0.357913649757452,
    "126": 0.3644377706341314,
    "127": 0.2633955546670972,
    "128": 0.9215434105011298,
    "129": 0.539863917689358,
    "130": 0.5554302543935461,
    "131": 0.4929612782617739,
    "132": 0.4857394742866578,
    "133": 0.5881755292099841,
    "134": 0.5118458897299887,
    "135": 0.5077614311364709,
    "136": 0.48227270595042626,
    "137": 0.5906809205093897,
    "138": 0.6638256783158132,
    "139": 0.6048464568031546,
    "140": 0.5210018248025646,
    "141": 0.556761797937998,
    "142": 0.5359542182831114,
    "143": 0.4425589530646617,
    "144": 0.5132173654212244,
    "145": 0.5474772940651181,
    "146": 0.6119182462111752,
    "147": 0.949329342056254,
    "148": 0.6617923669143131,
    "149": 0.6226780923950406,
    "150": 0.6063150328594328,
    "151": 0.5569394038577131,
    "152": 0.4911098121797016,
    "153": 0.9456723293814853,
    "154": 0.6301988928216994,
    "155": 0.602473748682945,
    "156": 0.5097609833088658,
    "157": 0.5835593883352842,
    "158": 0.5051005874103964,
    "159": 0.39985519095559335,
    "160": 0.9437080395271561,
    "161": 0.597833577122605,
    "162": 0.5872294242435205,
    "163": 0.4975113981612921,
    "164": 0.7154445018704253,
    "165": 0.6505293381098078,
    "166": 0.9468246625440394,
    "167": 0.5267954582412913,
    "168": 0.9456994363093304,
    "169": 0.5913958114565949,
    "170": 0.7250210288514305,
    "171": 0.615864243527592,
    "172": 0.6100402600345448,
    "173": 0.6266802921752669,
    "174": 0.5728208994616839,
    "175": 0.39923405972725323,
    "176": 0.5512577233394529,
    "177": 0.5539057141308016,
    "178": 0.6813319842483848,
    "179": 0.547046529264785,
    "180": 0.6158586265181725,
    "181": 0.5036457160506576,
    "182": 0.6213009149393109,
    "183": 0.4962777341308363,
    "184": 0.5269334141135144,
    "185": 0.5141689873312425,
    "186": 0.6075035015934782,
    "187": 0.633393638953071,
    "188": 0.4993102179015427,
    "189": 0.42271525302896884,
    "190": 0.3873257868146562,
    "191": 0.2320644287298027,
    "192": 0.5023568202562235,
    "193": 0.5368637887334055,
    "194": 0.9458513433345135,
    "195": 0.5083492420288073,
    "196": 0.49202998957700567,
    "197": 0.5646844491032706,
    "198": 0.5488904916839612,
    "199": 0.4548189566391216,
    "200": 0.5343338339443172,
    "201": 0.5157414118555483,
    "202": 0.6883203678138295,
    "203": 0.6057844645858496,
    "204": 0.4500289081088216,
    "205": 0.5952986031599501,
    "206": 0.46128102833101986,
    "207": 0.2892675216140949,
    "208": 0.5089261073082263,
    "209": 0.5191131910994234,
    "210": 0.6619673970798542,
    "211": 0.5679036054580734,
    "212": 0.4786257091586625,
    "213": 0.6060292347118864,
    "214": 0.47195392811722364,
    "215": 0.44891052077677224,
    "216": 0.46512594086471987,
    "217": 0.5910690570290571,
    "218": 0.5406688460269803,
    "219": 0.522127764074278,
    "220": 0.523081551236077,
    "221": 0.572189122154188,
    "222": 0.5060820650438076,
    "223": 0.24966906315634904,
    "224": 0.5268474280612057,
    "225": 0.5412675992442011,
    "226": 0.9383549851124697,
    "227": 0.4246689749768538,
    "228": 0.4027840889970712,
    "229": 0.5988565209224931,
    "230": 0.47613115292827557,
    "231": 0.385813703751013,
    "232": 0.52984646140364,
    "233": 0.561040329893412,
    "234": 0.5175729293316021,
    "235": 0.41415484740608405,
    "236": 0.5048460438649919,
    "237": 0.5387665301375355,
    "238": 0.5036842920906591,
    "239": 0.26602918320099145,
    "240": 0.46379625928142604,
    "241": 0.44684713473221743,
    "242": 0.47116347988382884,
    "243": 0.3683318394946594,
    "244": 0.4446170421739083,
    "245": 0.4435081929699384,
    "246": 0.4654600168864116,
    "247": 0.26244642757346914,
    "248": 0.37124904715071577,
    "249": 0.38321233040734093,
    "250": 0.32445088911471237,
    "251": 0.26858449165863363,
    "252": 0.3240558253759996,
    "253": 0.3371967206079069,
    "254": 0.2681765452375548,
    "255": 0.04161821976578438
}