{
    "0": 1,
    "1": 1,
    "2": 1,
    "3": 1,
    "4": 1,
    "5": 1,
    "6": 1,
    "7": 1,
    "8": 1,
    "9": 0.6853461535343217,
    "10": 0.7096821630079541,
    "11": 0.9995265572093768,
    "12": 1,
    "13": 0.2025670959017315,
    "14": 1,
    "15": 1,
    "16": 1,
    "17": 1,
    "18": 1,
    "19": 1,
    "20": 1,
    "21": 1,
    "22": 1,
    "23": 1,
    "24": 1,
    "25": 1,
    "26": 1,
    "27": 1,
    "28": 1,
    "29": 1,
    "30": 1,
    "31": 1,
    "32": 0.9800738161571373,
    "33": 0.9672712131519283,
    "34": 0.06251176354776895,
    "35": 0.9945263498810055,
    "36": 0.9980116993467812,
    "37": 0.9979949350453677,
    "38": 0.9741780739755135,
    "39": 0.7125233349777925,
    "40": 0.8149032277252162,
    "41": 0.8149107081533867,
    "42": 0.9998155564547886,
    "43": 0.9940741854319903,
    "44": 0.48094184373934246,
    "45": 0.08560107560486045,
    "46": 0.6591355284456466,
    "47": 0.6754122227848985,
    "48": 0.32483563197052107,
    "49": 0.24701398187629023,
    "50": 0.47528827652858696,
    "51": 0.6688738979760588,
    "52": 0.7168702613601938,
    "53": 0.8048705806320717,
    "54": 0.7264201327960813,
    "55": 0.7931966213402559,
    "56": 0.890143790825976,
    "57": 0.8360205597191637,
    "58": 0.4738963638552085,
    "59": 0.7282744382267263,
    "60": 0.7508078857054449,
    "61": 0.290360071675814,
    "62": 0.7525163261346721,
    "63": 0.9815820514371194,
    "64": 0.9999146328531077,
    "65": 0.902777120671381,
    "66": 0.9641907977082235,
    "67": 0.9401113643948912,
    "68": 0.9528108252368748,
    "69": 0.9369264095175572,
    "70": 0.9713082638654625,
    "71": 0.9687821744207377,
    "72": 0.9819915569989629,
    "73": 0.9321042343935911,
    "74": 0.9839147523280722,
    "75": 0.9939989970728267,
    "76": 0.9619053271523301,
    "77": 0.9491881804311038,
    "78": 0.9556082115294038,
    "79": 0.9537180354689286,
    "80": 0.9110923513211556,
    "81": 0.9835309270900473,
    "82": 0.9750504931812769,
    "83": 0.8694104008766727,
    "84": 0.9357131171830819,
    "85": 0.9783899268074194,
    "86": 0.9741614928300062,
    "87": 0.9546821078367183,
    "88": 0.9881698298534582,
    "89": 0.9841873764678196,
    "90": 0.9825227739606333,
    "91": 0.9758767238195156,
    "92": 0.5813664018447703,
    "93": 0.9758767238195156,
    "94": 0.9998830220255004,
    "95": 0.9380257633607515,
    "96": 0.9998818684870329,
    "97": 0.07854849819563105,
    "98": 0.211435193359684,
    "99": 0.05441467707308795,
    "100": 0.10500215072313167,
    "101": 0.047417607472061314,
    "102": 0.13560442415407076,
    "103": 0.2456332418012145,
    "104": 0.7099708483372743,
    "105": 0.05253538466567945,
    "106": 0.6789353798574314,
    "107": 0.21622140275576032,
    "108": 0.05390422756218413,
    "109": 0.09876260956393951,
    "110": 0.0777668333537947,
    "111": 0.058195029450010705,
    "112": 0.5105862299061962,
    "113": 0.953243384324649,
    "114": 0.07029434750985279,
    "115": 0.0317002916609445,
    "116": 0.16047361354768555,
    "117": 0.4150873932836179,
    "118": 0.2312497458166658,
    "119": 0.6804062340362937,
    "120": 0.6268263570985448,
    "121": 0.7676768938382365,
    "122": 0.8545715474998868,
    "123": 0.9859895947861342,
    "124": 0.9919726971727553,
    "125": 0.9859659193550138,
    "126": 0.999881739008464,
    "127": 1,
    "128": 0.9935873852779811,
    "129": 0.999999976445326,
    "130": 0.9998839019795738,
    "131": 0.9999987956388127,
    "132": 0.9998837487712661,
    "133": 0.999883391795532,
    "134": 0.9999994111565609,
    "135": 0.9999997046885691,
    "136": 0.9998824167471726,
    "137": 1,
    "138": 0.9999979477861818,
    "139": 0.9999977589987792,
    "140": 0.999999976445326,
    "141": 0.9942157460614003,
    "142": 0.9999997046885691,
    "143": 1,
    "144": 0.9999937143713404,
    "145": 0.9999987414279176,
    "146": 0.9998816182826503,
    "147": 0.9998689449502274,
    "148": 0.9998840551540864,
    "149": 0.9998820708663969,
    "150": 0.9998826841611709,
    "151": 0.9957492872792343,
    "152": 0.9999067926199338,
    "153": 0.9978876741362009,
    "154": 1,
    "155": 1,
    "156": 0.9998014438366263,
    "157": 0.9998053411380148,
    "158": 0.9999999187193218,
    "159": 1,
    "160": 0.7920098384363,
    "161": 0.9998852442843583,
    "162": 0.9857770794151792,
    "163": 0.9995278399397928,
    "164": 0.9999599725017237,
    "165": 0.9999768803264624,
    "166": 0.9970864428265115,
    "167": 0.9999956349854116,
    "168": 0.9904674602453403,
    "169": 0.9998891649290438,
    "170": 0.9999981728742495,
    "171": 0.999999976445326,
    "172": 0.9998838474306115,
    "173": 0.9989491280862947,
    "174": 0.9998816182826503,
    "175": 0.9989402339209122,
    "176": 0.9904979602005353,
    "177": 0.999994655714175,
    "178": 0.9770838753157604,
    "179": 0.9999611780456144,
    "180": 0.999528107728031,
    "181": 1,
    "182": 0.9999773121358889,
    "183": 1,
    "184": 0.9999599799819073,
    "185": 0.99999834855232,
    "186": 0.9999948595844361,
    "187": 0.9999989728490041,
    "188": 0.9999999629658435,
    "189": 0.9989360544075955,
    "190": 0.9998816182826503,
    "191": 0.9989350689168871,
    "192": 1,
    "193": 1,
    "194": 0.9993497425362268,
    "195": 0.9995049818985432,
    "196": 0.994220168026578,
    "197": 0.9995277471962556,
    "198": 1,
    "199": 1,
    "200": 1,
    "201": 1,
    "202": 1,
    "203": 1,
    "204": 1,
    "205": 1,
    "206": 0.9770629568179114,
    "207": 1,
    "208": 1,
    "209": 1,
    "210": 1,
    "211": 1,
    "212": 1,
    "213": 1,
    "214": 1,
    "215": 1,
    "216": 0.9999308131317358,
    "217": 0.9999636640942324,
    "218": 1,
    "219": 1,
    "220": 1,
    "221": 1,
    "222": 1,
    "223": 1,
    "224": 0.99574707530723,
    "225": 0.9998596074451619,
    "226": 0.9935795741757816,
    "227": 1,
    "228": 0.9981075733015172,
    "229": 1,
    "230": 1,
    "231": 0.9998816182826503,
    "232": 0.9970446575224015,
    "233": 0.8649996400816553,
    "234": 0.9970446575224015,
    "235": 1,
    "236": 1,
    "237": 1,
    "238": 1,
    "239": 0.9998816182826503,
    "240": 1,
    "241": 1,
    "242": 1,
    "243": 1,
    "244": 0.9989350689168871,
    "245": 1,
    "246": 0.9995265572093768,
    "247": 1,
    "248": 1,
    "249": 1,
    "250": 1,
    "251": 1,
    "252": 0.9942157460614003,
    "253": 1,
    "254": 1,
    "255": 1
}